0,c̃R[h,c̖,VX֔ԍ,Z,dbԍ
1,10006,kC,060-8588,Dysk36-1,011-231-4111
2,20001,X,030-8570,Xs1-1-1,017-722-1111
3,30007,茧,020-8570,s10-1,019-651-3111
4,40002,{錧,980-8570,st{3-8-1,022-211-2111
5,50008,Hc,010-8570,HcsR4-1-1,018-860-1111
6,60003,R`,990-8570,R`sg2-8-1,023-630-2211
7,70009,,960-8670,sȒ2-16,024-521-1111
8,80004,錧,310-8555,ˎs}978-6,029-301-1111
9,90000,Ȗ،,320-8501,Fs{sc1-1-20,028-623-2323
10,100005,Qn,371-8570,Os蒬1-1-1,027-223-1111
11,110001,ʌ,330-9301,܎sYa捂3-15-1,048-824-2111
12,120006,t,260-8667,tss꒬1-1,043-223-2110
13,130001,s,163-8001,Vh搼Vh2-8-1,03-5321-1111
14,140007,_ސ쌧,231-8588,ls{1,045-210-1111
15,150002,V,950-8570,VsV4-1,025-285-5511
16,160008,xR,930-8501,xRsVȗ1-7,076-431-4111
17,170003,ΐ쌧,920-8580,sƌ1-1,076-225-1111
18,180009,䌧,910-8580,s3-17-1,0776-21-1111
19,190004,R,400-8501,b{sۂ̓1-6-1,055-237-1111
20,200000,쌧,380-8570,s厚쒷쎚692-2,026-232-0111
21,210005,򕌌,500-8570,򕌎sMc2-1-1,058-272-1111
22,220001,É,420-8601,Ésǎ蒬9-6,054-221-2455
23,230006,m,460-8501,ÉsO̊3-1-2,052-961-2111
24,240001,Od,514-8570,ÎsL13,059-224-3070
25,250007,ꌧ,520-8577,Îs4-1-1,077-528-3993
26,260002,s{,602-8570,ss㋞扺ʐVm,075-451-8111
27,270008,{,540-8570,sO2-1-22,06-6941-0351
28,280003,Ɍ,650-8567,_ˎs扺R5-10-1,078-341-7711
29,290009,ޗǌ,630-8501,ޗǎsoH30,0742-22-1101
30,300004,a̎R,640-8585,a̎Rs1-1,073-432-4111
31,310000,挧,680-8570,s1-220,0857-26-7111
32,320005,,690-8501,]sa1,0852-22-5111
33,330001,R,700-8570,RskR2-4-6,086-224-2111
34,340006,L,730-8511,Ls10-52,082-228-2111
35,350001,R,753-8501,Rs꒬1-1,083-922-3111
36,360007,,770-8570,s㒬1-1,088-621-2500
37,370002,쌧,760-8570,sԒ4-1-10,087-831-1111
38,380008,Q,790-8570,RsԒ4-4-2,089-941-2111
39,390003,m,780-8570,msۃm1-2-20,088-823-1111
40,400009,,812-8577,s擌7-7,092-651-1111
41,410004,ꌧ,840-8570,s1-1-59,0952-24-2111
42,420000,茧,850-8570,s㒬3-1,095-824-1111
43,430005,F{,862-8570,F{s搅O6-18-1,096-383-1111
44,440001,啪,870-8501,啪s蒬3-1-1,097-536-1111
45,450006,{茧,880-8501,{skʓ2-10-1,0985-26-7111
46,460001,,890-8577,srV10-1,099-286-2111
47,470007,ꌧ,900-8570,ߔes1-2-2,098-866-2333
